<?xml version="1.0" encoding="UTF-8" ?>
<!DOCTYPE mapper
PUBLIC "-//mybatis.org//DTD Mapper 3.0//EN"
"http://mybatis.org/dtd/mybatis-3-mapper.dtd">
<mapper namespace="com.ruoyi.system.mapper.ZKindMapper">
    
    <resultMap type="ZKind" id="ZKindResult">
        <result property="id"    column="id"    />
        <result property="sName"    column="s_name"    />
    </resultMap>

    <sql id="selectZKindVo">
        select id, s_name from z_kind
    </sql>

    <select id="selectZKindList" parameterType="ZKind" resultMap="ZKindResult">
        <include refid="selectZKindVo"/>
        <where>  
            <if test="sName != null  and sName != ''"> and s_name like concat('%', #{sName}, '%')</if>
        </where>
    </select>
    
    <select id="selectZKindById" parameterType="Long" resultMap="ZKindResult">
        <include refid="selectZKindVo"/>
        where id = #{id}
    </select>

    <insert id="insertZKind" parameterType="ZKind">
        insert into z_kind
        <trim prefix="(" suffix=")" suffixOverrides=",">
            <if test="id != null">id,</if>
            <if test="sName != null">s_name,</if>
         </trim>
        <trim prefix="values (" suffix=")" suffixOverrides=",">
            <if test="id != null">#{id},</if>
            <if test="sName != null">#{sName},</if>
         </trim>
    </insert>

    <update id="updateZKind" parameterType="ZKind">
        update z_kind
        <trim prefix="SET" suffixOverrides=",">
            <if test="sName != null">s_name = #{sName},</if>
        </trim>
        where id = #{id}
    </update>

    <delete id="deleteZKindById" parameterType="Long">
        delete from z_kind where id = #{id}
    </delete>

    <delete id="deleteZKindByIds" parameterType="String">
        delete from z_kind where id in 
        <foreach item="id" collection="array" open="(" separator="," close=")">
            #{id}
        </foreach>
    </delete>

</mapper>